/about        /index.html#/about      301
/services     /index.html#/services   301
/faq          /index.html#/faq        301
/contact      /index.html#/contact    301
/intake       /index.html#/intake     301
/about.html   /index.html#/about      301
/services.html /index.html#/services  301
/faq.html     /index.html#/faq        301
/contact.html /index.html#/contact    301
/intake.html  /index.html#/intake     301
/privacy      /index.html#/privacy    301
/terms        /index.html#/terms      301
/privacy.html /index.html#/privacy    301
/terms.html   /index.html#/terms      301
/_/insights   /index.html#/insights   301
/insights     /index.html#/insights   301
/testimonials /index.html#/testimonials 301
/insights/cash-vs-accrual /index.html#/insights/cash-vs-accrual 301
/insights/when-to-hire-a-bookkeeper /index.html#/insights/when-to-hire-a-bookkeeper 301
/insights/cash-runway-forecast /index.html#/insights/cash-runway-forecast 301
/insights/read-your-p-and-l /index.html#/insights/read-your-p-and-l 301
/insights/pay-yourself-correctly /index.html#/insights/pay-yourself-correctly 301
